{"cameraMode":{"drawMode":0,"name":"Shaded","section":"Shading Mode"},"sceneLighting":true,"audioPlay":false,"sceneViewState":{"showFog":true,"showMaterialUpdate":true,"showSkybox":true,"showFlares":true,"showImageEffects":true,"showParticleSystems":true},"in2DMode":false,"pivot":{"x":-7.204009532928467,"y":1.013430118560791,"z":2.6537065505981447},"rotation":{"x":0.010679710656404496,"y":0.9667196273803711,"z":-0.2523191571235657,"w":0.04091760516166687},"size":10.0,"orthographic":false}