{"cameraMode":{"drawMode":0,"name":"Shaded","section":"Shading Mode"},"sceneLighting":false,"audioPlay":false,"sceneViewState":{"showFog":true,"showMaterialUpdate":true,"showSkybox":false,"showFlares":true,"showImageEffects":true,"showParticleSystems":true},"in2DMode":false,"pivot":{"x":4.320000171661377,"y":0.5339999198913574,"z":-0.047711923718452457},"rotation":{"x":0.010679710656404496,"y":0.9667196273803711,"z":-0.2523191571235657,"w":0.04091760516166687},"size":2.836318254470825,"orthographic":false}